<?xml version="1.0" encoding='windows-1252'?>
<!-- Copyright (c) 2003 Oracle corporation. All rights reserved. -->
<!-- $Header: DsDefinitionsBTLAS.xml 120.1 2005/07/02 05:04:27 appldev noship $ -->
<!DOCTYPE Association SYSTEM "jbo_03_01.dtd">

<Association
   Name="DsDefinitionsBTLAS" >
   <DesignTime>
      <Attr Name="_isCodegen" Value="true" />
      <Attr Name="_version" Value="9.0.3.10.62" />
   </DesignTime>
   <AssociationEnd
      Name="DsDefinitionsBEO"
      Cardinality="1"
      Source="true"
      Owner="oracle.apps.xdo.oa.schema.server.DsDefinitionsBEO"
      LockTopContainer="false" >
      <AttrArray Name="Attributes">
         <Item Value="oracle.apps.xdo.oa.schema.server.DsDefinitionsBEO.ApplicationShortName" />
         <Item Value="oracle.apps.xdo.oa.schema.server.DsDefinitionsBEO.DataSourceCode" />
      </AttrArray>
      <DesignTime>
         <Attr Name="_minCardinality" Value="1" />
         <Attr Name="_aggregation" Value="0" />
         <Attr Name="_isUpdateable" Value="true" />
         <Attr Name="_finderName" Value="DsDefinitionsBEO" />
         <Attr Name="_foreignKey" Value="oracle.apps.xdo.oa.schema.server.DsDefinitionsBEO.DsdefinitionsbeoPrimaryKey" />
      </DesignTime>
   </AssociationEnd>
   <AssociationEnd
      Name="DsDefinitionsTlEO"
      Cardinality="-1"
      Owner="oracle.apps.xdo.oa.schema.server.DsDefinitionsTlEO" >
      <AttrArray Name="Attributes">
         <Item Value="oracle.apps.xdo.oa.schema.server.DsDefinitionsTlEO.ApplicationShortName" />
         <Item Value="oracle.apps.xdo.oa.schema.server.DsDefinitionsTlEO.DataSourceCode" />
      </AttrArray>
      <DesignTime>
         <Attr Name="_aggregation" Value="0" />
         <Attr Name="_isUpdateable" Value="true" />
         <Attr Name="_finderName" Value="DsDefinitionsTlEO" />
         <Attr Name="_foreignKey" Value="oracle.apps.xdo.oa.schema.server.DsDefinitionsTlEO.fk_DsDefinitionsTlEO" />
      </DesignTime>
   </AssociationEnd>
</Association>
