<?xml version="1.0" encoding='windows-1252'?>
<!-- Copyright (c) 2003 Oracle corporation. All rights reserved. -->
<!-- $Header: DsDefinitionsBEO.xml 120.1 2005/07/02 05:04:25 appldev noship $ -->
<!DOCTYPE Entity SYSTEM "jbo_03_01.dtd">

<Entity
   Name="DsDefinitionsBEO"
   DBObjectType="synonym"
   DBObjectName="XDO_DS_DEFINITIONS_B"
   AliasName="DsDefinitionsBEO"
   BindingStyle="Oracle"
   UseGlueCode="false"
   CodeGenFlag="7"
   RowClass="oracle.apps.xdo.oa.schema.server.DsDefinitionsBEOImpl"
   DefClass="oracle.apps.fnd.framework.server.OAEntityDefImpl"
   CollClass="oracle.apps.fnd.framework.server.OAEntityCache" >
   <DesignTime>
      <Attr Name="_isCodegen" Value="true" />
      <Attr Name="_version" Value="9.0.3.10.62" />
      <AttrArray Name="_publishEvents">
      </AttrArray>
   </DesignTime>
   <Attribute
      Name="ApplicationShortName"
      IsNotNull="true"
      Precision="50"
      Type="java.lang.String"
      ColumnName="APPLICATION_SHORT_NAME"
      ColumnType="VARCHAR2"
      SQLType="VARCHAR"
      TableName="XDO_DS_DEFINITIONS_B"
      PrimaryKey="true" >
      <DesignTime>
         <Attr Name="_DisplaySize" Value="50" />
      </DesignTime>
   </Attribute>
   <Attribute
      Name="DataSourceCode"
      IsNotNull="true"
      Precision="80"
      Type="java.lang.String"
      ColumnName="DATA_SOURCE_CODE"
      ColumnType="VARCHAR2"
      SQLType="VARCHAR"
      TableName="XDO_DS_DEFINITIONS_B"
      PrimaryKey="true" >
      <DesignTime>
         <Attr Name="_DisplaySize" Value="80" />
      </DesignTime>
   </Attribute>
   <Attribute
      Name="DataSourceStatus"
      IsNotNull="true"
      Precision="1"
      Type="java.lang.String"
      ColumnName="DATA_SOURCE_STATUS"
      ColumnType="VARCHAR2"
      SQLType="VARCHAR"
      TableName="XDO_DS_DEFINITIONS_B" >
      <DesignTime>
         <Attr Name="_DisplaySize" Value="1" />
      </DesignTime>
   </Attribute>
   <Attribute
      Name="StartDate"
      IsNotNull="true"
      Type="oracle.jbo.domain.Date"
      ColumnName="START_DATE"
      ColumnType="DATE"
      SQLType="DATE"
      TableName="XDO_DS_DEFINITIONS_B" >
      <DesignTime>
         <Attr Name="_DisplaySize" Value="7" />
      </DesignTime>
   </Attribute>
   <Attribute
      Name="EndDate"
      Type="oracle.jbo.domain.Date"
      ColumnName="END_DATE"
      ColumnType="DATE"
      SQLType="DATE"
      TableName="XDO_DS_DEFINITIONS_B" >
      <DesignTime>
         <Attr Name="_DisplaySize" Value="7" />
      </DesignTime>
   </Attribute>
   <Attribute
      Name="ObjectVersionNumber"
      IsNotNull="true"
      Precision="9"
      Scale="0"
      Type="oracle.jbo.domain.Number"
      ColumnName="OBJECT_VERSION_NUMBER"
      ColumnType="NUMBER"
      SQLType="NUMERIC"
      TableName="XDO_DS_DEFINITIONS_B" >
      <DesignTime>
         <Attr Name="_DisplaySize" Value="22" />
      </DesignTime>
   </Attribute>
   <Attribute
      Name="CreatedBy"
      IsNotNull="true"
      Precision="15"
      Scale="0"
      Type="oracle.jbo.domain.Number"
      ColumnName="CREATED_BY"
      ColumnType="NUMBER"
      SQLType="NUMERIC"
      TableName="XDO_DS_DEFINITIONS_B" >
      <DesignTime>
         <Attr Name="_DisplaySize" Value="22" />
      </DesignTime>
   </Attribute>
   <Attribute
      Name="CreationDate"
      IsNotNull="true"
      Type="oracle.jbo.domain.Date"
      ColumnName="CREATION_DATE"
      ColumnType="DATE"
      SQLType="DATE"
      TableName="XDO_DS_DEFINITIONS_B" >
      <DesignTime>
         <Attr Name="_DisplaySize" Value="7" />
      </DesignTime>
   </Attribute>
   <Attribute
      Name="LastUpdatedBy"
      IsNotNull="true"
      Precision="15"
      Scale="0"
      Type="oracle.jbo.domain.Number"
      ColumnName="LAST_UPDATED_BY"
      ColumnType="NUMBER"
      SQLType="NUMERIC"
      TableName="XDO_DS_DEFINITIONS_B" >
      <DesignTime>
         <Attr Name="_DisplaySize" Value="22" />
      </DesignTime>
   </Attribute>
   <Attribute
      Name="LastUpdateDate"
      IsNotNull="true"
      Type="oracle.jbo.domain.Date"
      ColumnName="LAST_UPDATE_DATE"
      ColumnType="DATE"
      SQLType="DATE"
      TableName="XDO_DS_DEFINITIONS_B" >
      <DesignTime>
         <Attr Name="_DisplaySize" Value="7" />
      </DesignTime>
   </Attribute>
   <Attribute
      Name="LastUpdateLogin"
      Precision="15"
      Scale="0"
      Type="oracle.jbo.domain.Number"
      ColumnName="LAST_UPDATE_LOGIN"
      ColumnType="NUMBER"
      SQLType="NUMERIC"
      TableName="XDO_DS_DEFINITIONS_B" >
      <DesignTime>
         <Attr Name="_DisplaySize" Value="22" />
      </DesignTime>
   </Attribute>
   <Attribute
      Name="AttributeCategory"
      Precision="30"
      Type="java.lang.String"
      ColumnName="ATTRIBUTE_CATEGORY"
      ColumnType="VARCHAR2"
      SQLType="VARCHAR"
      TableName="XDO_DS_DEFINITIONS_B" >
      <DesignTime>
         <Attr Name="_DisplaySize" Value="30" />
      </DesignTime>
   </Attribute>
   <Attribute
      Name="Attribute1"
      Precision="150"
      Type="java.lang.String"
      ColumnName="ATTRIBUTE1"
      ColumnType="VARCHAR2"
      SQLType="VARCHAR"
      TableName="XDO_DS_DEFINITIONS_B" >
      <DesignTime>
         <Attr Name="_DisplaySize" Value="150" />
      </DesignTime>
   </Attribute>
   <Attribute
      Name="Attribute2"
      Precision="150"
      Type="java.lang.String"
      ColumnName="ATTRIBUTE2"
      ColumnType="VARCHAR2"
      SQLType="VARCHAR"
      TableName="XDO_DS_DEFINITIONS_B" >
      <DesignTime>
         <Attr Name="_DisplaySize" Value="150" />
      </DesignTime>
   </Attribute>
   <Attribute
      Name="Attribute3"
      Precision="150"
      Type="java.lang.String"
      ColumnName="ATTRIBUTE3"
      ColumnType="VARCHAR2"
      SQLType="VARCHAR"
      TableName="XDO_DS_DEFINITIONS_B" >
      <DesignTime>
         <Attr Name="_DisplaySize" Value="150" />
      </DesignTime>
   </Attribute>
   <Attribute
      Name="Attribute4"
      Precision="150"
      Type="java.lang.String"
      ColumnName="ATTRIBUTE4"
      ColumnType="VARCHAR2"
      SQLType="VARCHAR"
      TableName="XDO_DS_DEFINITIONS_B" >
      <DesignTime>
         <Attr Name="_DisplaySize" Value="150" />
      </DesignTime>
   </Attribute>
   <Attribute
      Name="Attribute5"
      Precision="150"
      Type="java.lang.String"
      ColumnName="ATTRIBUTE5"
      ColumnType="VARCHAR2"
      SQLType="VARCHAR"
      TableName="XDO_DS_DEFINITIONS_B" >
      <DesignTime>
         <Attr Name="_DisplaySize" Value="150" />
      </DesignTime>
   </Attribute>
   <Attribute
      Name="Attribute6"
      Precision="150"
      Type="java.lang.String"
      ColumnName="ATTRIBUTE6"
      ColumnType="VARCHAR2"
      SQLType="VARCHAR"
      TableName="XDO_DS_DEFINITIONS_B" >
      <DesignTime>
         <Attr Name="_DisplaySize" Value="150" />
      </DesignTime>
   </Attribute>
   <Attribute
      Name="Attribute7"
      Precision="150"
      Type="java.lang.String"
      ColumnName="ATTRIBUTE7"
      ColumnType="VARCHAR2"
      SQLType="VARCHAR"
      TableName="XDO_DS_DEFINITIONS_B" >
      <DesignTime>
         <Attr Name="_DisplaySize" Value="150" />
      </DesignTime>
   </Attribute>
   <Attribute
      Name="Attribute8"
      Precision="150"
      Type="java.lang.String"
      ColumnName="ATTRIBUTE8"
      ColumnType="VARCHAR2"
      SQLType="VARCHAR"
      TableName="XDO_DS_DEFINITIONS_B" >
      <DesignTime>
         <Attr Name="_DisplaySize" Value="150" />
      </DesignTime>
   </Attribute>
   <Attribute
      Name="Attribute9"
      Precision="150"
      Type="java.lang.String"
      ColumnName="ATTRIBUTE9"
      ColumnType="VARCHAR2"
      SQLType="VARCHAR"
      TableName="XDO_DS_DEFINITIONS_B" >
      <DesignTime>
         <Attr Name="_DisplaySize" Value="150" />
      </DesignTime>
   </Attribute>
   <Attribute
      Name="Attribute10"
      Precision="150"
      Type="java.lang.String"
      ColumnName="ATTRIBUTE10"
      ColumnType="VARCHAR2"
      SQLType="VARCHAR"
      TableName="XDO_DS_DEFINITIONS_B" >
      <DesignTime>
         <Attr Name="_DisplaySize" Value="150" />
      </DesignTime>
   </Attribute>
   <Attribute
      Name="Attribute11"
      Precision="150"
      Type="java.lang.String"
      ColumnName="ATTRIBUTE11"
      ColumnType="VARCHAR2"
      SQLType="VARCHAR"
      TableName="XDO_DS_DEFINITIONS_B" >
      <DesignTime>
         <Attr Name="_DisplaySize" Value="150" />
      </DesignTime>
   </Attribute>
   <Attribute
      Name="Attribute12"
      Precision="150"
      Type="java.lang.String"
      ColumnName="ATTRIBUTE12"
      ColumnType="VARCHAR2"
      SQLType="VARCHAR"
      TableName="XDO_DS_DEFINITIONS_B" >
      <DesignTime>
         <Attr Name="_DisplaySize" Value="150" />
      </DesignTime>
   </Attribute>
   <Attribute
      Name="Attribute13"
      Precision="150"
      Type="java.lang.String"
      ColumnName="ATTRIBUTE13"
      ColumnType="VARCHAR2"
      SQLType="VARCHAR"
      TableName="XDO_DS_DEFINITIONS_B" >
      <DesignTime>
         <Attr Name="_DisplaySize" Value="150" />
      </DesignTime>
   </Attribute>
   <Attribute
      Name="Attribute14"
      Precision="150"
      Type="java.lang.String"
      ColumnName="ATTRIBUTE14"
      ColumnType="VARCHAR2"
      SQLType="VARCHAR"
      TableName="XDO_DS_DEFINITIONS_B" >
      <DesignTime>
         <Attr Name="_DisplaySize" Value="150" />
      </DesignTime>
   </Attribute>
   <Attribute
      Name="Attribute15"
      Precision="150"
      Type="java.lang.String"
      ColumnName="ATTRIBUTE15"
      ColumnType="VARCHAR2"
      SQLType="VARCHAR"
      TableName="XDO_DS_DEFINITIONS_B" >
      <DesignTime>
         <Attr Name="_DisplaySize" Value="150" />
      </DesignTime>
   </Attribute>
   <AccessorAttribute
      Name="DsDefinitionsTlEO"
      Association="oracle.apps.xdo.oa.schema.server.DsDefinitionsBTLAO"
      AssociationEnd="oracle.apps.xdo.oa.schema.server.DsDefinitionsBTLAO.DsDefinitionsTlEO"
      AssociationOtherEnd="oracle.apps.xdo.oa.schema.server.DsDefinitionsBTLAO.DsDefinitionsBEO"
      Type="oracle.jbo.RowIterator"
      IsUpdateable="false" >
   </AccessorAttribute>
   <Key
      Name="SysC00153465" >
      <AttrArray Name="Attributes">
         <Item Value="oracle.apps.xdo.oa.schema.server.DsDefinitionsBEO.ApplicationShortName" />
      </AttrArray>
      <DesignTime>
         <Attr Name="_DBObjectName" Value="SYS_C00153465" />
         <Attr Name="_checkCondition" Value="&#34;APPLICATION_SHORT_NAME&#34; IS NOT NULL" />
         <Attr Name="_isCheck" Value="true" />
      </DesignTime>
   </Key>
   <Key
      Name="SysC00153466" >
      <AttrArray Name="Attributes">
         <Item Value="oracle.apps.xdo.oa.schema.server.DsDefinitionsBEO.DataSourceCode" />
      </AttrArray>
      <DesignTime>
         <Attr Name="_DBObjectName" Value="SYS_C00153466" />
         <Attr Name="_checkCondition" Value="&#34;DATA_SOURCE_CODE&#34; IS NOT NULL" />
         <Attr Name="_isCheck" Value="true" />
      </DesignTime>
   </Key>
   <Key
      Name="SysC00153467" >
      <AttrArray Name="Attributes">
         <Item Value="oracle.apps.xdo.oa.schema.server.DsDefinitionsBEO.DataSourceStatus" />
      </AttrArray>
      <DesignTime>
         <Attr Name="_DBObjectName" Value="SYS_C00153467" />
         <Attr Name="_checkCondition" Value="&#34;DATA_SOURCE_STATUS&#34; IS NOT NULL" />
         <Attr Name="_isCheck" Value="true" />
      </DesignTime>
   </Key>
   <Key
      Name="SysC00153468" >
      <AttrArray Name="Attributes">
         <Item Value="oracle.apps.xdo.oa.schema.server.DsDefinitionsBEO.StartDate" />
      </AttrArray>
      <DesignTime>
         <Attr Name="_DBObjectName" Value="SYS_C00153468" />
         <Attr Name="_checkCondition" Value="&#34;START_DATE&#34; IS NOT NULL" />
         <Attr Name="_isCheck" Value="true" />
      </DesignTime>
   </Key>
   <Key
      Name="SysC00153469" >
      <AttrArray Name="Attributes">
         <Item Value="oracle.apps.xdo.oa.schema.server.DsDefinitionsBEO.ObjectVersionNumber" />
      </AttrArray>
      <DesignTime>
         <Attr Name="_DBObjectName" Value="SYS_C00153469" />
         <Attr Name="_checkCondition" Value="&#34;OBJECT_VERSION_NUMBER&#34; IS NOT NULL" />
         <Attr Name="_isCheck" Value="true" />
      </DesignTime>
   </Key>
   <Key
      Name="SysC00153470" >
      <AttrArray Name="Attributes">
         <Item Value="oracle.apps.xdo.oa.schema.server.DsDefinitionsBEO.CreatedBy" />
      </AttrArray>
      <DesignTime>
         <Attr Name="_DBObjectName" Value="SYS_C00153470" />
         <Attr Name="_checkCondition" Value="&#34;CREATED_BY&#34; IS NOT NULL" />
         <Attr Name="_isCheck" Value="true" />
      </DesignTime>
   </Key>
   <Key
      Name="SysC00153471" >
      <AttrArray Name="Attributes">
         <Item Value="oracle.apps.xdo.oa.schema.server.DsDefinitionsBEO.CreationDate" />
      </AttrArray>
      <DesignTime>
         <Attr Name="_DBObjectName" Value="SYS_C00153471" />
         <Attr Name="_checkCondition" Value="&#34;CREATION_DATE&#34; IS NOT NULL" />
         <Attr Name="_isCheck" Value="true" />
      </DesignTime>
   </Key>
   <Key
      Name="SysC00153472" >
      <AttrArray Name="Attributes">
         <Item Value="oracle.apps.xdo.oa.schema.server.DsDefinitionsBEO.LastUpdatedBy" />
      </AttrArray>
      <DesignTime>
         <Attr Name="_DBObjectName" Value="SYS_C00153472" />
         <Attr Name="_checkCondition" Value="&#34;LAST_UPDATED_BY&#34; IS NOT NULL" />
         <Attr Name="_isCheck" Value="true" />
      </DesignTime>
   </Key>
   <Key
      Name="SysC00153473" >
      <AttrArray Name="Attributes">
         <Item Value="oracle.apps.xdo.oa.schema.server.DsDefinitionsBEO.LastUpdateDate" />
      </AttrArray>
      <DesignTime>
         <Attr Name="_DBObjectName" Value="SYS_C00153473" />
         <Attr Name="_checkCondition" Value="&#34;LAST_UPDATE_DATE&#34; IS NOT NULL" />
         <Attr Name="_isCheck" Value="true" />
      </DesignTime>
   </Key>
   <Key
      Name="DsdefinitionsbeoPrimaryKey" >
      <AttrArray Name="Attributes">
         <Item Value="oracle.apps.xdo.oa.schema.server.DsDefinitionsBEO.ApplicationShortName" />
         <Item Value="oracle.apps.xdo.oa.schema.server.DsDefinitionsBEO.DataSourceCode" />
      </AttrArray>
      <DesignTime>
         <Attr Name="_DBObjectName" Value="DSDEFINITIONSBEO_PRIMARY_KEY" />
         <Attr Name="_isPrimary" Value="true" />
      </DesignTime>
   </Key>
</Entity>
