<?xml version="1.0" encoding='windows-1252'?>
<!-- Copyright (c) 2003 Oracle corporation. All rights reserved. -->
<!-- $Header: DsDefinitionsTlEO.xml 120.1 2005/07/02 05:04:27 appldev noship $ -->
<!DOCTYPE Entity SYSTEM "jbo_03_01.dtd">

<Entity
   Name="DsDefinitionsTlEO"
   DBObjectType="synonym"
   DBObjectName="xdo_ds_definitions_tl"
   AliasName="DsDefinitionsTlEO"
   BindingStyle="Oracle"
   UseGlueCode="false"
   CodeGenFlag="4"
   RowClass="oracle.apps.xdo.oa.schema.server.DsDefinitionsTlEOImpl"
   DefClass="oracle.apps.fnd.framework.server.OAEntityDefImpl"
   CollClass="oracle.apps.fnd.framework.server.OAEntityCache" >
   <DesignTime>
      <Attr Name="_isCodegen" Value="true" />
      <Attr Name="_version" Value="9.0.3.10.62" />
      <Attr Name="_superClass" Value="oracle.apps.fnd.framework.server.OATLEntityImpl" />
      <AttrArray Name="_publishEvents">
      </AttrArray>
   </DesignTime>
   <Attribute
      Name="ApplicationShortName"
      IsNotNull="true"
      Precision="50"
      Type="java.lang.String"
      ColumnName="APPLICATION_SHORT_NAME"
      ColumnType="VARCHAR2"
      SQLType="VARCHAR"
      TableName="xdo_ds_definitions_tl"
      PrimaryKey="true" >
      <DesignTime>
         <Attr Name="_DisplaySize" Value="50" />
      </DesignTime>
   </Attribute>
   <Attribute
      Name="DataSourceCode"
      IsNotNull="true"
      Precision="80"
      Type="java.lang.String"
      ColumnName="DATA_SOURCE_CODE"
      ColumnType="VARCHAR2"
      SQLType="VARCHAR"
      TableName="xdo_ds_definitions_tl"
      PrimaryKey="true" >
      <DesignTime>
         <Attr Name="_DisplaySize" Value="80" />
      </DesignTime>
   </Attribute>
   <Attribute
      Name="Language"
      IsNotNull="true"
      Precision="4"
      Type="java.lang.String"
      ColumnName="LANGUAGE"
      ColumnType="VARCHAR2"
      SQLType="VARCHAR"
      TableName="xdo_ds_definitions_tl"
      PrimaryKey="true" >
      <DesignTime>
         <Attr Name="_DisplaySize" Value="4" />
      </DesignTime>
   </Attribute>
   <Attribute
      Name="DataSourceName"
      IsNotNull="true"
      Precision="120"
      Type="java.lang.String"
      ColumnName="DATA_SOURCE_NAME"
      ColumnType="VARCHAR2"
      SQLType="VARCHAR"
      TableName="xdo_ds_definitions_tl" >
      <DesignTime>
         <Attr Name="_DisplaySize" Value="120" />
      </DesignTime>
   </Attribute>
   <Attribute
      Name="Description"
      Precision="1000"
      Type="java.lang.String"
      ColumnName="DESCRIPTION"
      ColumnType="VARCHAR2"
      SQLType="VARCHAR"
      TableName="xdo_ds_definitions_tl" >
      <DesignTime>
         <Attr Name="_DisplaySize" Value="1000" />
      </DesignTime>
   </Attribute>
   <Attribute
      Name="SourceLang"
      IsNotNull="true"
      Precision="4"
      Type="java.lang.String"
      ColumnName="SOURCE_LANG"
      ColumnType="VARCHAR2"
      SQLType="VARCHAR"
      TableName="xdo_ds_definitions_tl" >
      <DesignTime>
         <Attr Name="_DisplaySize" Value="4" />
      </DesignTime>
   </Attribute>
   <Attribute
      Name="CreatedBy"
      IsNotNull="true"
      Precision="15"
      Scale="0"
      Type="oracle.jbo.domain.Number"
      ColumnName="CREATED_BY"
      ColumnType="NUMBER"
      SQLType="NUMERIC"
      TableName="xdo_ds_definitions_tl" >
      <DesignTime>
         <Attr Name="_DisplaySize" Value="22" />
      </DesignTime>
   </Attribute>
   <Attribute
      Name="CreationDate"
      IsNotNull="true"
      Type="oracle.jbo.domain.Date"
      ColumnName="CREATION_DATE"
      ColumnType="DATE"
      SQLType="DATE"
      TableName="xdo_ds_definitions_tl" >
      <DesignTime>
         <Attr Name="_DisplaySize" Value="7" />
      </DesignTime>
   </Attribute>
   <Attribute
      Name="LastUpdatedBy"
      IsNotNull="true"
      Precision="15"
      Scale="0"
      Type="oracle.jbo.domain.Number"
      ColumnName="LAST_UPDATED_BY"
      ColumnType="NUMBER"
      SQLType="NUMERIC"
      TableName="xdo_ds_definitions_tl" >
      <DesignTime>
         <Attr Name="_DisplaySize" Value="22" />
      </DesignTime>
   </Attribute>
   <Attribute
      Name="LastUpdateDate"
      IsNotNull="true"
      Type="oracle.jbo.domain.Date"
      ColumnName="LAST_UPDATE_DATE"
      ColumnType="DATE"
      SQLType="DATE"
      TableName="xdo_ds_definitions_tl" >
      <DesignTime>
         <Attr Name="_DisplaySize" Value="7" />
      </DesignTime>
   </Attribute>
   <Attribute
      Name="LastUpdateLogin"
      Precision="15"
      Scale="0"
      Type="oracle.jbo.domain.Number"
      ColumnName="LAST_UPDATE_LOGIN"
      ColumnType="NUMBER"
      SQLType="NUMERIC"
      TableName="xdo_ds_definitions_tl" >
      <DesignTime>
         <Attr Name="_DisplaySize" Value="22" />
      </DesignTime>
   </Attribute>
   <AccessorAttribute
      Name="DsDefinitionsBEO"
      Association="oracle.apps.xdo.oa.schema.server.DsDefinitionsBTLAO"
      AssociationEnd="oracle.apps.xdo.oa.schema.server.DsDefinitionsBTLAO.DsDefinitionsBEO"
      AssociationOtherEnd="oracle.apps.xdo.oa.schema.server.DsDefinitionsBTLAO.DsDefinitionsTlEO"
      Type="oracle.apps.xdo.oa.schema.server.DsDefinitionsBEOImpl" >
   </AccessorAttribute>
   <Key
      Name="SysC00153474" >
      <AttrArray Name="Attributes">
         <Item Value="oracle.apps.xdo.oa.schema.server.DsDefinitionsTlEO.ApplicationShortName" />
      </AttrArray>
      <DesignTime>
         <Attr Name="_DBObjectName" Value="SYS_C00153474" />
         <Attr Name="_checkCondition" Value="&#34;APPLICATION_SHORT_NAME&#34; IS NOT NULL" />
         <Attr Name="_isCheck" Value="true" />
      </DesignTime>
   </Key>
   <Key
      Name="SysC00153475" >
      <AttrArray Name="Attributes">
         <Item Value="oracle.apps.xdo.oa.schema.server.DsDefinitionsTlEO.DataSourceCode" />
      </AttrArray>
      <DesignTime>
         <Attr Name="_DBObjectName" Value="SYS_C00153475" />
         <Attr Name="_checkCondition" Value="&#34;DATA_SOURCE_CODE&#34; IS NOT NULL" />
         <Attr Name="_isCheck" Value="true" />
      </DesignTime>
   </Key>
   <Key
      Name="SysC00153476" >
      <AttrArray Name="Attributes">
         <Item Value="oracle.apps.xdo.oa.schema.server.DsDefinitionsTlEO.Language" />
      </AttrArray>
      <DesignTime>
         <Attr Name="_DBObjectName" Value="SYS_C00153476" />
         <Attr Name="_checkCondition" Value="&#34;LANGUAGE&#34; IS NOT NULL" />
         <Attr Name="_isCheck" Value="true" />
      </DesignTime>
   </Key>
   <Key
      Name="SysC00153477" >
      <AttrArray Name="Attributes">
         <Item Value="oracle.apps.xdo.oa.schema.server.DsDefinitionsTlEO.DataSourceName" />
      </AttrArray>
      <DesignTime>
         <Attr Name="_DBObjectName" Value="SYS_C00153477" />
         <Attr Name="_checkCondition" Value="&#34;DATA_SOURCE_NAME&#34; IS NOT NULL" />
         <Attr Name="_isCheck" Value="true" />
      </DesignTime>
   </Key>
   <Key
      Name="SysC00153478" >
      <AttrArray Name="Attributes">
         <Item Value="oracle.apps.xdo.oa.schema.server.DsDefinitionsTlEO.SourceLang" />
      </AttrArray>
      <DesignTime>
         <Attr Name="_DBObjectName" Value="SYS_C00153478" />
         <Attr Name="_checkCondition" Value="&#34;SOURCE_LANG&#34; IS NOT NULL" />
         <Attr Name="_isCheck" Value="true" />
      </DesignTime>
   </Key>
   <Key
      Name="SysC00153479" >
      <AttrArray Name="Attributes">
         <Item Value="oracle.apps.xdo.oa.schema.server.DsDefinitionsTlEO.CreatedBy" />
      </AttrArray>
      <DesignTime>
         <Attr Name="_DBObjectName" Value="SYS_C00153479" />
         <Attr Name="_checkCondition" Value="&#34;CREATED_BY&#34; IS NOT NULL" />
         <Attr Name="_isCheck" Value="true" />
      </DesignTime>
   </Key>
   <Key
      Name="SysC00153480" >
      <AttrArray Name="Attributes">
         <Item Value="oracle.apps.xdo.oa.schema.server.DsDefinitionsTlEO.CreationDate" />
      </AttrArray>
      <DesignTime>
         <Attr Name="_DBObjectName" Value="SYS_C00153480" />
         <Attr Name="_checkCondition" Value="&#34;CREATION_DATE&#34; IS NOT NULL" />
         <Attr Name="_isCheck" Value="true" />
      </DesignTime>
   </Key>
   <Key
      Name="SysC00153481" >
      <AttrArray Name="Attributes">
         <Item Value="oracle.apps.xdo.oa.schema.server.DsDefinitionsTlEO.LastUpdatedBy" />
      </AttrArray>
      <DesignTime>
         <Attr Name="_DBObjectName" Value="SYS_C00153481" />
         <Attr Name="_checkCondition" Value="&#34;LAST_UPDATED_BY&#34; IS NOT NULL" />
         <Attr Name="_isCheck" Value="true" />
      </DesignTime>
   </Key>
   <Key
      Name="SysC00153482" >
      <AttrArray Name="Attributes">
         <Item Value="oracle.apps.xdo.oa.schema.server.DsDefinitionsTlEO.LastUpdateDate" />
      </AttrArray>
      <DesignTime>
         <Attr Name="_DBObjectName" Value="SYS_C00153482" />
         <Attr Name="_checkCondition" Value="&#34;LAST_UPDATE_DATE&#34; IS NOT NULL" />
         <Attr Name="_isCheck" Value="true" />
      </DesignTime>
   </Key>
   <Key
      Name="DsdefinitionstleoPrimaryKey" >
      <AttrArray Name="Attributes">
         <Item Value="oracle.apps.xdo.oa.schema.server.DsDefinitionsTlEO.ApplicationShortName" />
         <Item Value="oracle.apps.xdo.oa.schema.server.DsDefinitionsTlEO.DataSourceCode" />
         <Item Value="oracle.apps.xdo.oa.schema.server.DsDefinitionsTlEO.Language" />
      </AttrArray>
      <DesignTime>
         <Attr Name="_DBObjectName" Value="DSDEFINITIONSTLEO_PRIMARY_KEY" />
         <Attr Name="_isPrimary" Value="true" />
      </DesignTime>
   </Key>
   <Key
      Name="fk_DsDefinitionsTlEO" >
      <AttrArray Name="Attributes">
         <Item Value="oracle.apps.xdo.oa.schema.server.DsDefinitionsTlEO.ApplicationShortName" />
         <Item Value="oracle.apps.xdo.oa.schema.server.DsDefinitionsTlEO.DataSourceCode" />
      </AttrArray>
      <DesignTime>
         <Attr Name="_DBObjectName" Value="FK_DS_DEFINITIONS_TL_EO" />
         <Attr Name="_referencedKey" Value="DSDEFINITIONSBEO_PRIMARY_KEY" />
         <Attr Name="_isForeign" Value="true" />
      </DesignTime>
   </Key>
</Entity>
