<?xml version="1.0" encoding='windows-1252'?>
<!DOCTYPE JboPackage SYSTEM "jbo_03_01.dtd">

<!-- Copyright (c) 2003 Oracle corporation. All rights reserved. 
 $Header: server.xml 120.2 2005/10/13 11:46:38 bgkim noship $ -->

<JboPackage
   Name="server"
   SeparateXMLFiles="true"
   PackageName="oracle.apps.xdo.oa.schema.server" >
   <DesignTime>
      <Attr Name="_version" Value="9.0.3.12.53" />
      <Attr Name="_ejbPackage" Value="false" />
   </DesignTime>
   <Containee
      Name="TemplateFilesEO"
      FullName="oracle.apps.xdo.oa.schema.server.TemplateFilesEO"
      ObjectType="Entity" >
   </Containee>
   <Containee
      Name="DsElementsB"
      FullName="oracle.apps.xdo.oa.schema.server.DsElementsB"
      ObjectType="Entity" >
   </Containee>
   <Containee
      Name="DsElementsTl"
      FullName="oracle.apps.xdo.oa.schema.server.DsElementsTl"
      ObjectType="Entity" >
   </Containee>
   <Containee
      Name="TemplatesTlEO"
      FullName="oracle.apps.xdo.oa.schema.server.TemplatesTlEO"
      ObjectType="Entity" >
   </Containee>
   <Containee
      Name="TemplateFieldsEO"
      FullName="oracle.apps.xdo.oa.schema.server.TemplateFieldsEO"
      ObjectType="Entity" >
   </Containee>
   <Containee
      Name="LobsEO"
      FullName="oracle.apps.xdo.oa.schema.server.LobsEO"
      ObjectType="Entity" >
   </Containee>
   <Containee
      Name="DsDefinitionsBEO"
      FullName="oracle.apps.xdo.oa.schema.server.DsDefinitionsBEO"
      ObjectType="Entity" >
   </Containee>
   <Containee
      Name="DsDefinitionsVlEO"
      FullName="oracle.apps.xdo.oa.schema.server.DsDefinitionsVlEO"
      ObjectType="Entity" >
   </Containee>
   <Containee
      Name="TemplatesBEO"
      FullName="oracle.apps.xdo.oa.schema.server.TemplatesBEO"
      ObjectType="Entity" >
   </Containee>
   <Containee
      Name="TemplatesVlEO"
      FullName="oracle.apps.xdo.oa.schema.server.TemplatesVlEO"
      ObjectType="Entity" >
   </Containee>
   <Containee
      Name="DsDefinitionsTlEO"
      FullName="oracle.apps.xdo.oa.schema.server.DsDefinitionsTlEO"
      ObjectType="Entity" >
   </Containee>
   <Containee
      Name="DsDefinitionsBTLAO"
      FullName="oracle.apps.xdo.oa.schema.server.DsDefinitionsBTLAO"
      ObjectType="Association" >
   </Containee>
   <Containee
      Name="CurrencyFormatSetsVlEO"
      FullName="oracle.apps.xdo.oa.schema.server.CurrencyFormatSetsVlEO"
      ObjectType="Entity" >
   </Containee>
   <Containee
      Name="CurrencyFormatsEO"
      FullName="oracle.apps.xdo.oa.schema.server.CurrencyFormatsEO"
      ObjectType="Entity" >
   </Containee>
</JboPackage>
