<?xml version="1.0" encoding='windows-1252'?>
<!-- Copyright (c) 2003 Oracle corporation. All rights reserved. -->
<!-- $Header: TemplatesVlEOView.xml 120.1 2005/07/02 05:04:36 appldev noship $ -->
<!DOCTYPE ViewObject SYSTEM "jbo_03_01.dtd">

<ViewObject
   Name="TemplatesVlEOView"
   SelectList="TemplatesVlEO.TEMPLATE_ID, 
       TemplatesVlEO.TEMPLATE_CODE, 

       TemplatesVlEO.APPLICATION_ID, 
       TemplatesVlEO.DATA_SOURCE_ID, 

       TemplatesVlEO.TEMPLATE_TYPE_CODE, 
       TemplatesVlEO.START_DATE, 

       TemplatesVlEO.END_DATE, 
       TemplatesVlEO.TEMPLATE_NAME, 

       TemplatesVlEO.DESCRIPTION, 
       TemplatesVlEO.CREATED_BY, 

       TemplatesVlEO.CREATION_DATE, 
       TemplatesVlEO.LAST_UPDATED_BY, 

       TemplatesVlEO.LAST_UPDATE_DATE, 
       TemplatesVlEO.LAST_UPDATE_LOGIN, 

       TemplatesVlEO.OBJECT_VERSION_NUMBER, 
       TemplatesVlEO.ATTRIBUTE_CATEGORY, 

       TemplatesVlEO.ATTRIBUTE1, 
       TemplatesVlEO.ATTRIBUTE2, 

       TemplatesVlEO.ATTRIBUTE3, 
       TemplatesVlEO.ATTRIBUTE4, 

       TemplatesVlEO.ATTRIBUTE5, 
       TemplatesVlEO.ATTRIBUTE6, 

       TemplatesVlEO.ATTRIBUTE7, 
       TemplatesVlEO.ATTRIBUTE8, 

       TemplatesVlEO.ATTRIBUTE9, 
       TemplatesVlEO.ATTRIBUTE10, 

       TemplatesVlEO.ATTRIBUTE11, 
       TemplatesVlEO.ATTRIBUTE12, 

       TemplatesVlEO.ATTRIBUTE13, 
       TemplatesVlEO.ATTRIBUTE14, 

       TemplatesVlEO.ATTRIBUTE15"
   FromList="XDO_TEMPLATES_VL TemplatesVlEO"
   BindingStyle="Oracle"
   CustomQuery="false"
   RowClass="oracle.apps.fnd.framework.server.OAViewRowImpl"
   ComponentClass="oracle.apps.xdo.oa.schema.server.TemplatesVlEOViewImpl"
   MsgBundleClass="oracle.jbo.common.JboResourceBundle"
   UseGlueCode="false" >
   <DesignTime>
      <Attr Name="_version" Value="9.0.3.11.3" />
      <Attr Name="_CodeGenFlagNew" Value="36" />
   </DesignTime>
   <EntityUsage
      Name="TemplatesVlEO"
      Entity="oracle.apps.xdo.oa.schema.server.TemplatesVlEO" >
      <DesignTime>
         <Attr Name="_EntireObjectTable" Value="false" />
         <Attr Name="_queryClause" Value="false" />
      </DesignTime>
   </EntityUsage>
   <ViewAttribute
      Name="TemplateId"
      IsNotNull="true"
      EntityAttrName="TemplateId"
      EntityUsage="TemplatesVlEO"
      AliasName="TEMPLATE_ID"
      ColumnType="VARCHAR2" >
      <DesignTime>
         <Attr Name="_DisplaySize" Value="0" />
      </DesignTime>
   </ViewAttribute>
   <ViewAttribute
      Name="TemplateCode"
      IsNotNull="true"
      EntityAttrName="TemplateCode"
      EntityUsage="TemplatesVlEO"
      AliasName="TEMPLATE_CODE"
      ColumnType="VARCHAR2" >
      <DesignTime>
         <Attr Name="_DisplaySize" Value="0" />
      </DesignTime>
   </ViewAttribute>
   <ViewAttribute
      Name="ApplicationId"
      IsNotNull="true"
      EntityAttrName="ApplicationId"
      EntityUsage="TemplatesVlEO"
      AliasName="APPLICATION_ID"
      ColumnType="VARCHAR2" >
      <DesignTime>
         <Attr Name="_DisplaySize" Value="0" />
      </DesignTime>
   </ViewAttribute>
   <ViewAttribute
      Name="DataSourceId"
      IsNotNull="true"
      EntityAttrName="DataSourceId"
      EntityUsage="TemplatesVlEO"
      AliasName="DATA_SOURCE_ID"
      ColumnType="VARCHAR2" >
      <DesignTime>
         <Attr Name="_DisplaySize" Value="0" />
      </DesignTime>
   </ViewAttribute>
   <ViewAttribute
      Name="TemplateTypeCode"
      IsNotNull="true"
      EntityAttrName="TemplateTypeCode"
      EntityUsage="TemplatesVlEO"
      AliasName="TEMPLATE_TYPE_CODE"
      ColumnType="VARCHAR2" >
      <DesignTime>
         <Attr Name="_DisplaySize" Value="0" />
      </DesignTime>
   </ViewAttribute>
   <ViewAttribute
      Name="StartDate"
      IsNotNull="true"
      EntityAttrName="StartDate"
      EntityUsage="TemplatesVlEO"
      AliasName="START_DATE"
      ColumnType="VARCHAR2" >
      <DesignTime>
         <Attr Name="_DisplaySize" Value="0" />
      </DesignTime>
   </ViewAttribute>
   <ViewAttribute
      Name="EndDate"
      EntityAttrName="EndDate"
      EntityUsage="TemplatesVlEO"
      AliasName="END_DATE"
      ColumnType="VARCHAR2" >
      <DesignTime>
         <Attr Name="_DisplaySize" Value="0" />
      </DesignTime>
   </ViewAttribute>
   <ViewAttribute
      Name="TemplateName"
      IsNotNull="true"
      EntityAttrName="TemplateName"
      EntityUsage="TemplatesVlEO"
      AliasName="TEMPLATE_NAME"
      ColumnType="VARCHAR2" >
      <DesignTime>
         <Attr Name="_DisplaySize" Value="0" />
      </DesignTime>
   </ViewAttribute>
   <ViewAttribute
      Name="Description"
      EntityAttrName="Description"
      EntityUsage="TemplatesVlEO"
      AliasName="DESCRIPTION"
      ColumnType="VARCHAR2" >
      <DesignTime>
         <Attr Name="_DisplaySize" Value="0" />
      </DesignTime>
   </ViewAttribute>
   <ViewAttribute
      Name="CreatedBy"
      IsNotNull="true"
      EntityAttrName="CreatedBy"
      EntityUsage="TemplatesVlEO"
      AliasName="CREATED_BY"
      ColumnType="VARCHAR2" >
      <DesignTime>
         <Attr Name="_DisplaySize" Value="0" />
      </DesignTime>
   </ViewAttribute>
   <ViewAttribute
      Name="CreationDate"
      IsNotNull="true"
      EntityAttrName="CreationDate"
      EntityUsage="TemplatesVlEO"
      AliasName="CREATION_DATE"
      ColumnType="VARCHAR2" >
      <DesignTime>
         <Attr Name="_DisplaySize" Value="0" />
      </DesignTime>
   </ViewAttribute>
   <ViewAttribute
      Name="LastUpdatedBy"
      IsNotNull="true"
      EntityAttrName="LastUpdatedBy"
      EntityUsage="TemplatesVlEO"
      AliasName="LAST_UPDATED_BY"
      ColumnType="VARCHAR2" >
      <DesignTime>
         <Attr Name="_DisplaySize" Value="0" />
      </DesignTime>
   </ViewAttribute>
   <ViewAttribute
      Name="LastUpdateDate"
      IsNotNull="true"
      EntityAttrName="LastUpdateDate"
      EntityUsage="TemplatesVlEO"
      AliasName="LAST_UPDATE_DATE"
      ColumnType="VARCHAR2" >
      <DesignTime>
         <Attr Name="_DisplaySize" Value="0" />
      </DesignTime>
   </ViewAttribute>
   <ViewAttribute
      Name="LastUpdateLogin"
      EntityAttrName="LastUpdateLogin"
      EntityUsage="TemplatesVlEO"
      AliasName="LAST_UPDATE_LOGIN"
      ColumnType="VARCHAR2" >
      <DesignTime>
         <Attr Name="_DisplaySize" Value="0" />
      </DesignTime>
   </ViewAttribute>
   <ViewAttribute
      Name="ObjectVersionNumber"
      IsNotNull="true"
      EntityAttrName="ObjectVersionNumber"
      EntityUsage="TemplatesVlEO"
      AliasName="OBJECT_VERSION_NUMBER"
      ColumnType="VARCHAR2" >
      <DesignTime>
         <Attr Name="_DisplaySize" Value="0" />
      </DesignTime>
   </ViewAttribute>
   <ViewAttribute
      Name="AttributeCategory"
      EntityAttrName="AttributeCategory"
      EntityUsage="TemplatesVlEO"
      AliasName="ATTRIBUTE_CATEGORY"
      ColumnType="VARCHAR2" >
      <DesignTime>
         <Attr Name="_DisplaySize" Value="0" />
      </DesignTime>
   </ViewAttribute>
   <ViewAttribute
      Name="Attribute1"
      EntityAttrName="Attribute1"
      EntityUsage="TemplatesVlEO"
      AliasName="ATTRIBUTE1"
      ColumnType="VARCHAR2" >
      <DesignTime>
         <Attr Name="_DisplaySize" Value="0" />
      </DesignTime>
   </ViewAttribute>
   <ViewAttribute
      Name="Attribute2"
      EntityAttrName="Attribute2"
      EntityUsage="TemplatesVlEO"
      AliasName="ATTRIBUTE2"
      ColumnType="VARCHAR2" >
      <DesignTime>
         <Attr Name="_DisplaySize" Value="0" />
      </DesignTime>
   </ViewAttribute>
   <ViewAttribute
      Name="Attribute3"
      EntityAttrName="Attribute3"
      EntityUsage="TemplatesVlEO"
      AliasName="ATTRIBUTE3"
      ColumnType="VARCHAR2" >
      <DesignTime>
         <Attr Name="_DisplaySize" Value="0" />
      </DesignTime>
   </ViewAttribute>
   <ViewAttribute
      Name="Attribute4"
      EntityAttrName="Attribute4"
      EntityUsage="TemplatesVlEO"
      AliasName="ATTRIBUTE4"
      ColumnType="VARCHAR2" >
      <DesignTime>
         <Attr Name="_DisplaySize" Value="0" />
      </DesignTime>
   </ViewAttribute>
   <ViewAttribute
      Name="Attribute5"
      EntityAttrName="Attribute5"
      EntityUsage="TemplatesVlEO"
      AliasName="ATTRIBUTE5"
      ColumnType="VARCHAR2" >
      <DesignTime>
         <Attr Name="_DisplaySize" Value="0" />
      </DesignTime>
   </ViewAttribute>
   <ViewAttribute
      Name="Attribute6"
      EntityAttrName="Attribute6"
      EntityUsage="TemplatesVlEO"
      AliasName="ATTRIBUTE6"
      ColumnType="VARCHAR2" >
      <DesignTime>
         <Attr Name="_DisplaySize" Value="0" />
      </DesignTime>
   </ViewAttribute>
   <ViewAttribute
      Name="Attribute7"
      EntityAttrName="Attribute7"
      EntityUsage="TemplatesVlEO"
      AliasName="ATTRIBUTE7"
      ColumnType="VARCHAR2" >
      <DesignTime>
         <Attr Name="_DisplaySize" Value="0" />
      </DesignTime>
   </ViewAttribute>
   <ViewAttribute
      Name="Attribute8"
      EntityAttrName="Attribute8"
      EntityUsage="TemplatesVlEO"
      AliasName="ATTRIBUTE8"
      ColumnType="VARCHAR2" >
      <DesignTime>
         <Attr Name="_DisplaySize" Value="0" />
      </DesignTime>
   </ViewAttribute>
   <ViewAttribute
      Name="Attribute9"
      EntityAttrName="Attribute9"
      EntityUsage="TemplatesVlEO"
      AliasName="ATTRIBUTE9"
      ColumnType="VARCHAR2" >
      <DesignTime>
         <Attr Name="_DisplaySize" Value="0" />
      </DesignTime>
   </ViewAttribute>
   <ViewAttribute
      Name="Attribute10"
      EntityAttrName="Attribute10"
      EntityUsage="TemplatesVlEO"
      AliasName="ATTRIBUTE10"
      ColumnType="VARCHAR2" >
      <DesignTime>
         <Attr Name="_DisplaySize" Value="0" />
      </DesignTime>
   </ViewAttribute>
   <ViewAttribute
      Name="Attribute11"
      EntityAttrName="Attribute11"
      EntityUsage="TemplatesVlEO"
      AliasName="ATTRIBUTE11"
      ColumnType="VARCHAR2" >
      <DesignTime>
         <Attr Name="_DisplaySize" Value="0" />
      </DesignTime>
   </ViewAttribute>
   <ViewAttribute
      Name="Attribute12"
      EntityAttrName="Attribute12"
      EntityUsage="TemplatesVlEO"
      AliasName="ATTRIBUTE12"
      ColumnType="VARCHAR2" >
      <DesignTime>
         <Attr Name="_DisplaySize" Value="0" />
      </DesignTime>
   </ViewAttribute>
   <ViewAttribute
      Name="Attribute13"
      EntityAttrName="Attribute13"
      EntityUsage="TemplatesVlEO"
      AliasName="ATTRIBUTE13"
      ColumnType="VARCHAR2" >
      <DesignTime>
         <Attr Name="_DisplaySize" Value="0" />
      </DesignTime>
   </ViewAttribute>
   <ViewAttribute
      Name="Attribute14"
      EntityAttrName="Attribute14"
      EntityUsage="TemplatesVlEO"
      AliasName="ATTRIBUTE14"
      ColumnType="VARCHAR2" >
      <DesignTime>
         <Attr Name="_DisplaySize" Value="0" />
      </DesignTime>
   </ViewAttribute>
   <ViewAttribute
      Name="Attribute15"
      EntityAttrName="Attribute15"
      EntityUsage="TemplatesVlEO"
      AliasName="ATTRIBUTE15"
      ColumnType="VARCHAR2" >
      <DesignTime>
         <Attr Name="_DisplaySize" Value="0" />
      </DesignTime>
   </ViewAttribute>
</ViewObject>
