<?xml version="1.0" encoding='windows-1252'?>
<!-- Copyright (c) 2003 Oracle corporation. All rights reserved. -->
<!-- $Header: TemplatesTlEO.xml 120.1 2005/07/02 05:04:34 appldev noship $ -->
<!DOCTYPE Entity SYSTEM "jbo_03_01.dtd">

<Entity
   Name="TemplatesTlEO"
   DBObjectType="synonym"
   DBObjectName="XDO_TEMPLATES_TL"
   AliasName="TemplatesTlEO"
   BindingStyle="Oracle"
   UseGlueCode="false"
   CodeGenFlag="7"
   RowClass="oracle.apps.xdo.oa.schema.server.TemplatesTlEOImpl"
   DefClass="oracle.apps.fnd.framework.server.OAEntityDefImpl"
   CollClass="oracle.apps.fnd.framework.server.OAEntityCache" >
   <DesignTime>
      <Attr Name="_isCodegen" Value="true" />
      <Attr Name="_version" Value="9.0.3.10.62" />
      <Attr Name="_superClass" Value="oracle.apps.fnd.framework.server.OATLEntityImpl" />
      <AttrArray Name="_publishEvents">
      </AttrArray>
   </DesignTime>
   <Attribute
      Name="ApplicationShortName"
      IsNotNull="true"
      Precision="50"
      Type="java.lang.String"
      ColumnName="APPLICATION_SHORT_NAME"
      ColumnType="VARCHAR2"
      SQLType="VARCHAR"
      TableName="XDO_TEMPLATES_TL"
      PrimaryKey="true" >
      <DesignTime>
         <Attr Name="_DisplaySize" Value="50" />
      </DesignTime>
   </Attribute>
   <Attribute
      Name="TemplateCode"
      IsNotNull="true"
      Precision="80"
      Type="java.lang.String"
      ColumnName="TEMPLATE_CODE"
      ColumnType="VARCHAR2"
      SQLType="VARCHAR"
      TableName="XDO_TEMPLATES_TL"
      PrimaryKey="true" >
      <DesignTime>
         <Attr Name="_DisplaySize" Value="80" />
      </DesignTime>
   </Attribute>
   <Attribute
      Name="Language"
      IsNotNull="true"
      Precision="4"
      Type="java.lang.String"
      ColumnName="LANGUAGE"
      ColumnType="VARCHAR2"
      SQLType="VARCHAR"
      TableName="XDO_TEMPLATES_TL"
      PrimaryKey="true" >
      <DesignTime>
         <Attr Name="_DisplaySize" Value="4" />
      </DesignTime>
   </Attribute>
   <Attribute
      Name="TemplateName"
      IsNotNull="true"
      Precision="120"
      Type="java.lang.String"
      ColumnName="TEMPLATE_NAME"
      ColumnType="VARCHAR2"
      SQLType="VARCHAR"
      TableName="XDO_TEMPLATES_TL" >
      <DesignTime>
         <Attr Name="_DisplaySize" Value="120" />
      </DesignTime>
   </Attribute>
   <Attribute
      Name="Description"
      Precision="1000"
      Type="java.lang.String"
      ColumnName="DESCRIPTION"
      ColumnType="VARCHAR2"
      SQLType="VARCHAR"
      TableName="XDO_TEMPLATES_TL" >
      <DesignTime>
         <Attr Name="_DisplaySize" Value="1000" />
      </DesignTime>
   </Attribute>
   <Attribute
      Name="SourceLang"
      IsNotNull="true"
      Precision="4"
      Type="java.lang.String"
      ColumnName="SOURCE_LANG"
      ColumnType="VARCHAR2"
      SQLType="VARCHAR"
      TableName="XDO_TEMPLATES_TL" >
      <DesignTime>
         <Attr Name="_DisplaySize" Value="4" />
      </DesignTime>
   </Attribute>
   <Attribute
      Name="CreatedBy"
      IsNotNull="true"
      Precision="15"
      Scale="0"
      Type="oracle.jbo.domain.Number"
      ColumnName="CREATED_BY"
      ColumnType="NUMBER"
      SQLType="NUMERIC"
      TableName="XDO_TEMPLATES_TL" >
      <DesignTime>
         <Attr Name="_DisplaySize" Value="22" />
      </DesignTime>
   </Attribute>
   <Attribute
      Name="CreationDate"
      IsNotNull="true"
      Type="oracle.jbo.domain.Date"
      ColumnName="CREATION_DATE"
      ColumnType="DATE"
      SQLType="TIMESTAMP"
      TableName="XDO_TEMPLATES_TL" >
      <DesignTime>
         <Attr Name="_DisplaySize" Value="7" />
      </DesignTime>
   </Attribute>
   <Attribute
      Name="LastUpdatedBy"
      IsNotNull="true"
      Precision="15"
      Scale="0"
      Type="oracle.jbo.domain.Number"
      ColumnName="LAST_UPDATED_BY"
      ColumnType="NUMBER"
      SQLType="NUMERIC"
      TableName="XDO_TEMPLATES_TL" >
      <DesignTime>
         <Attr Name="_DisplaySize" Value="22" />
      </DesignTime>
   </Attribute>
   <Attribute
      Name="LastUpdateDate"
      IsNotNull="true"
      Type="oracle.jbo.domain.Date"
      ColumnName="LAST_UPDATE_DATE"
      ColumnType="DATE"
      SQLType="TIMESTAMP"
      TableName="XDO_TEMPLATES_TL" >
      <DesignTime>
         <Attr Name="_DisplaySize" Value="7" />
      </DesignTime>
   </Attribute>
   <Attribute
      Name="LastUpdateLogin"
      Precision="15"
      Scale="0"
      Type="oracle.jbo.domain.Number"
      ColumnName="LAST_UPDATE_LOGIN"
      ColumnType="NUMBER"
      SQLType="NUMERIC"
      TableName="XDO_TEMPLATES_TL" >
      <DesignTime>
         <Attr Name="_DisplaySize" Value="22" />
      </DesignTime>
   </Attribute>
   <Key
      Name="SysC00152899" >
      <AttrArray Name="Attributes">
         <Item Value="oracle.apps.xdo.oa.schema.server.TemplatesTlEO.ApplicationShortName" />
      </AttrArray>
      <DesignTime>
         <Attr Name="_DBObjectName" Value="SYS_C00152899" />
         <Attr Name="_checkCondition" Value="&#34;APPLICATION_SHORT_NAME&#34; IS NOT NULL" />
         <Attr Name="_isCheck" Value="true" />
      </DesignTime>
   </Key>
   <Key
      Name="SysC00152900" >
      <AttrArray Name="Attributes">
         <Item Value="oracle.apps.xdo.oa.schema.server.TemplatesTlEO.TemplateCode" />
      </AttrArray>
      <DesignTime>
         <Attr Name="_DBObjectName" Value="SYS_C00152900" />
         <Attr Name="_checkCondition" Value="&#34;TEMPLATE_CODE&#34; IS NOT NULL" />
         <Attr Name="_isCheck" Value="true" />
      </DesignTime>
   </Key>
   <Key
      Name="SysC00152901" >
      <AttrArray Name="Attributes">
         <Item Value="oracle.apps.xdo.oa.schema.server.TemplatesTlEO.Language" />
      </AttrArray>
      <DesignTime>
         <Attr Name="_DBObjectName" Value="SYS_C00152901" />
         <Attr Name="_checkCondition" Value="&#34;LANGUAGE&#34; IS NOT NULL" />
         <Attr Name="_isCheck" Value="true" />
      </DesignTime>
   </Key>
   <Key
      Name="SysC00152902" >
      <AttrArray Name="Attributes">
         <Item Value="oracle.apps.xdo.oa.schema.server.TemplatesTlEO.TemplateName" />
      </AttrArray>
      <DesignTime>
         <Attr Name="_DBObjectName" Value="SYS_C00152902" />
         <Attr Name="_checkCondition" Value="&#34;TEMPLATE_NAME&#34; IS NOT NULL" />
         <Attr Name="_isCheck" Value="true" />
      </DesignTime>
   </Key>
   <Key
      Name="SysC00152903" >
      <AttrArray Name="Attributes">
         <Item Value="oracle.apps.xdo.oa.schema.server.TemplatesTlEO.SourceLang" />
      </AttrArray>
      <DesignTime>
         <Attr Name="_DBObjectName" Value="SYS_C00152903" />
         <Attr Name="_checkCondition" Value="&#34;SOURCE_LANG&#34; IS NOT NULL" />
         <Attr Name="_isCheck" Value="true" />
      </DesignTime>
   </Key>
   <Key
      Name="SysC00152904" >
      <AttrArray Name="Attributes">
         <Item Value="oracle.apps.xdo.oa.schema.server.TemplatesTlEO.CreatedBy" />
      </AttrArray>
      <DesignTime>
         <Attr Name="_DBObjectName" Value="SYS_C00152904" />
         <Attr Name="_checkCondition" Value="&#34;CREATED_BY&#34; IS NOT NULL" />
         <Attr Name="_isCheck" Value="true" />
      </DesignTime>
   </Key>
   <Key
      Name="SysC00152905" >
      <AttrArray Name="Attributes">
         <Item Value="oracle.apps.xdo.oa.schema.server.TemplatesTlEO.CreationDate" />
      </AttrArray>
      <DesignTime>
         <Attr Name="_DBObjectName" Value="SYS_C00152905" />
         <Attr Name="_checkCondition" Value="&#34;CREATION_DATE&#34; IS NOT NULL" />
         <Attr Name="_isCheck" Value="true" />
      </DesignTime>
   </Key>
   <Key
      Name="SysC00152906" >
      <AttrArray Name="Attributes">
         <Item Value="oracle.apps.xdo.oa.schema.server.TemplatesTlEO.LastUpdatedBy" />
      </AttrArray>
      <DesignTime>
         <Attr Name="_DBObjectName" Value="SYS_C00152906" />
         <Attr Name="_checkCondition" Value="&#34;LAST_UPDATED_BY&#34; IS NOT NULL" />
         <Attr Name="_isCheck" Value="true" />
      </DesignTime>
   </Key>
   <Key
      Name="SysC00152907" >
      <AttrArray Name="Attributes">
         <Item Value="oracle.apps.xdo.oa.schema.server.TemplatesTlEO.LastUpdateDate" />
      </AttrArray>
      <DesignTime>
         <Attr Name="_DBObjectName" Value="SYS_C00152907" />
         <Attr Name="_checkCondition" Value="&#34;LAST_UPDATE_DATE&#34; IS NOT NULL" />
         <Attr Name="_isCheck" Value="true" />
      </DesignTime>
   </Key>
   <Key
      Name="TemplatestleoPrimaryKey" >
      <AttrArray Name="Attributes">
         <Item Value="oracle.apps.xdo.oa.schema.server.TemplatesTlEO.ApplicationShortName" />
         <Item Value="oracle.apps.xdo.oa.schema.server.TemplatesTlEO.TemplateCode" />
         <Item Value="oracle.apps.xdo.oa.schema.server.TemplatesTlEO.Language" />
      </AttrArray>
      <DesignTime>
         <Attr Name="_DBObjectName" Value="TEMPLATESTLEO_PRIMARY_KEY" />
         <Attr Name="_isPrimary" Value="true" />
      </DesignTime>
   </Key>
</Entity>
