<?xml version="1.0" encoding='windows-1252'?>
<!-- Copyright (c) 2003 Oracle corporation. All rights reserved. -->
<!-- $Header: TemplateFieldsEO.xml 120.1 2005/07/02 05:04:31 appldev noship $ -->
<!DOCTYPE Entity SYSTEM "jbo_03_01.dtd">

<Entity
   Name="TemplateFieldsEO"
   DBObjectType="synonym"
   DBObjectName="XDO_TEMPLATE_FIELDS"
   AliasName="TemplateFieldsEO"
   BindingStyle="Oracle"
   UseGlueCode="false"
   CodeGenFlag="7"
   RowClass="oracle.apps.xdo.oa.schema.server.TemplateFieldsEOImpl"
   DefClass="oracle.apps.fnd.framework.server.OAEntityDefImpl"
   CollClass="oracle.apps.fnd.framework.server.OAEntityCache" >
   <DesignTime>
      <Attr Name="_isCodegen" Value="true" />
      <Attr Name="_version" Value="9.0.3.10.62" />
      <AttrArray Name="_publishEvents">
      </AttrArray>
   </DesignTime>
   <Attribute
      Name="ApplicationShortName"
      IsNotNull="true"
      Precision="50"
      Type="java.lang.String"
      ColumnName="APPLICATION_SHORT_NAME"
      ColumnType="VARCHAR2"
      SQLType="VARCHAR"
      TableName="XDO_TEMPLATE_FIELDS"
      PrimaryKey="true" >
      <DesignTime>
         <Attr Name="_DisplaySize" Value="50" />
      </DesignTime>
   </Attribute>
   <Attribute
      Name="TemplateCode"
      IsNotNull="true"
      Precision="80"
      Type="java.lang.String"
      ColumnName="TEMPLATE_CODE"
      ColumnType="VARCHAR2"
      SQLType="VARCHAR"
      TableName="XDO_TEMPLATE_FIELDS"
      PrimaryKey="true" >
      <DesignTime>
         <Attr Name="_DisplaySize" Value="80" />
      </DesignTime>
   </Attribute>
   <Attribute
      Name="FieldName"
      IsNotNull="true"
      Precision="255"
      Type="java.lang.String"
      ColumnName="FIELD_NAME"
      ColumnType="VARCHAR2"
      SQLType="VARCHAR"
      TableName="XDO_TEMPLATE_FIELDS"
      PrimaryKey="true" >
      <DesignTime>
         <Attr Name="_DisplaySize" Value="255" />
      </DesignTime>
   </Attribute>
   <Attribute
      Name="AliasName"
      Precision="255"
      Type="java.lang.String"
      ColumnName="ALIAS_NAME"
      ColumnType="VARCHAR2"
      SQLType="VARCHAR"
      TableName="XDO_TEMPLATE_FIELDS" >
      <DesignTime>
         <Attr Name="_DisplaySize" Value="255" />
      </DesignTime>
   </Attribute>
   <Attribute
      Name="CreatedBy"
      IsNotNull="true"
      Precision="15"
      Scale="0"
      Type="oracle.jbo.domain.Number"
      ColumnName="CREATED_BY"
      ColumnType="NUMBER"
      SQLType="NUMERIC"
      TableName="XDO_TEMPLATE_FIELDS" >
      <DesignTime>
         <Attr Name="_DisplaySize" Value="22" />
      </DesignTime>
   </Attribute>
   <Attribute
      Name="CreationDate"
      IsNotNull="true"
      Type="oracle.jbo.domain.Date"
      ColumnName="CREATION_DATE"
      ColumnType="DATE"
      SQLType="TIMESTAMP"
      TableName="XDO_TEMPLATE_FIELDS" >
      <DesignTime>
         <Attr Name="_DisplaySize" Value="7" />
      </DesignTime>
   </Attribute>
   <Attribute
      Name="LastUpdatedBy"
      IsNotNull="true"
      Precision="15"
      Scale="0"
      Type="oracle.jbo.domain.Number"
      ColumnName="LAST_UPDATED_BY"
      ColumnType="NUMBER"
      SQLType="NUMERIC"
      TableName="XDO_TEMPLATE_FIELDS" >
      <DesignTime>
         <Attr Name="_DisplaySize" Value="22" />
      </DesignTime>
   </Attribute>
   <Attribute
      Name="LastUpdateDate"
      IsNotNull="true"
      Type="oracle.jbo.domain.Date"
      ColumnName="LAST_UPDATE_DATE"
      ColumnType="DATE"
      SQLType="TIMESTAMP"
      TableName="XDO_TEMPLATE_FIELDS" >
      <DesignTime>
         <Attr Name="_DisplaySize" Value="7" />
      </DesignTime>
   </Attribute>
   <Attribute
      Name="LastUpdateLogin"
      Precision="15"
      Scale="0"
      Type="oracle.jbo.domain.Number"
      ColumnName="LAST_UPDATE_LOGIN"
      ColumnType="NUMBER"
      SQLType="NUMERIC"
      TableName="XDO_TEMPLATE_FIELDS" >
      <DesignTime>
         <Attr Name="_DisplaySize" Value="22" />
      </DesignTime>
   </Attribute>
   <Key
      Name="SysC00152908" >
      <AttrArray Name="Attributes">
         <Item Value="oracle.apps.xdo.oa.schema.server.TemplateFieldsEO.ApplicationShortName" />
      </AttrArray>
      <DesignTime>
         <Attr Name="_DBObjectName" Value="SYS_C00152908" />
         <Attr Name="_checkCondition" Value="&#34;APPLICATION_SHORT_NAME&#34; IS NOT NULL" />
         <Attr Name="_isCheck" Value="true" />
      </DesignTime>
   </Key>
   <Key
      Name="SysC00152909" >
      <AttrArray Name="Attributes">
         <Item Value="oracle.apps.xdo.oa.schema.server.TemplateFieldsEO.TemplateCode" />
      </AttrArray>
      <DesignTime>
         <Attr Name="_DBObjectName" Value="SYS_C00152909" />
         <Attr Name="_checkCondition" Value="&#34;TEMPLATE_CODE&#34; IS NOT NULL" />
         <Attr Name="_isCheck" Value="true" />
      </DesignTime>
   </Key>
   <Key
      Name="SysC00152910" >
      <AttrArray Name="Attributes">
         <Item Value="oracle.apps.xdo.oa.schema.server.TemplateFieldsEO.FieldName" />
      </AttrArray>
      <DesignTime>
         <Attr Name="_DBObjectName" Value="SYS_C00152910" />
         <Attr Name="_checkCondition" Value="&#34;FIELD_NAME&#34; IS NOT NULL" />
         <Attr Name="_isCheck" Value="true" />
      </DesignTime>
   </Key>
   <Key
      Name="SysC00152911" >
      <AttrArray Name="Attributes">
         <Item Value="oracle.apps.xdo.oa.schema.server.TemplateFieldsEO.CreatedBy" />
      </AttrArray>
      <DesignTime>
         <Attr Name="_DBObjectName" Value="SYS_C00152911" />
         <Attr Name="_checkCondition" Value="&#34;CREATED_BY&#34; IS NOT NULL" />
         <Attr Name="_isCheck" Value="true" />
      </DesignTime>
   </Key>
   <Key
      Name="SysC00152912" >
      <AttrArray Name="Attributes">
         <Item Value="oracle.apps.xdo.oa.schema.server.TemplateFieldsEO.CreationDate" />
      </AttrArray>
      <DesignTime>
         <Attr Name="_DBObjectName" Value="SYS_C00152912" />
         <Attr Name="_checkCondition" Value="&#34;CREATION_DATE&#34; IS NOT NULL" />
         <Attr Name="_isCheck" Value="true" />
      </DesignTime>
   </Key>
   <Key
      Name="SysC00152913" >
      <AttrArray Name="Attributes">
         <Item Value="oracle.apps.xdo.oa.schema.server.TemplateFieldsEO.LastUpdatedBy" />
      </AttrArray>
      <DesignTime>
         <Attr Name="_DBObjectName" Value="SYS_C00152913" />
         <Attr Name="_checkCondition" Value="&#34;LAST_UPDATED_BY&#34; IS NOT NULL" />
         <Attr Name="_isCheck" Value="true" />
      </DesignTime>
   </Key>
   <Key
      Name="SysC00152914" >
      <AttrArray Name="Attributes">
         <Item Value="oracle.apps.xdo.oa.schema.server.TemplateFieldsEO.LastUpdateDate" />
      </AttrArray>
      <DesignTime>
         <Attr Name="_DBObjectName" Value="SYS_C00152914" />
         <Attr Name="_checkCondition" Value="&#34;LAST_UPDATE_DATE&#34; IS NOT NULL" />
         <Attr Name="_isCheck" Value="true" />
      </DesignTime>
   </Key>
   <Key
      Name="TemplatefieldseoPrimaryKey" >
      <AttrArray Name="Attributes">
         <Item Value="oracle.apps.xdo.oa.schema.server.TemplateFieldsEO.ApplicationShortName" />
         <Item Value="oracle.apps.xdo.oa.schema.server.TemplateFieldsEO.TemplateCode" />
         <Item Value="oracle.apps.xdo.oa.schema.server.TemplateFieldsEO.FieldName" />
      </AttrArray>
      <DesignTime>
         <Attr Name="_DBObjectName" Value="TEMPLATEFIELDSEO_PRIMARY_KEY" />
         <Attr Name="_isPrimary" Value="true" />
      </DesignTime>
   </Key>
</Entity>
